id,name,age,salary
660,Ruddy Krop,36,49995
656,Licha Griggs,41,49995
674,Aimil Gwinn,34,49995
453,Jelene McKeown,41,49876
126,Ree Halms,25,49863
639,Otha Scotson,37,49664
630,Verene Ings,58,49625
67,Millicent Loblie,39,49578
554,Bert Stredder,53,49517
802,Giffy Alvaro,34,49516
777,Sheffield Backen,35,49493
906,Trescha MacAdie,36,49377
721,Mindy Duffield,54,49354
842,Evania Samudio,52,49338
30,Sloane Dukesbury,40,49293
192,Benn O'Brogan,58,49289
355,Abramo Yantsev,33,49179
528,Julietta Ewer,56,49167
354,Free Harriday,59,49134
435,Nels Sommerling,33,48982
386,Tammie Albon,44,48955
795,Astra Goodyer,48,48882
322,Bradley Grimsdith,37,48828
161,Claretta Eronie,32,48742
526,Dulcia Dearden,36,48706
465,Aleece Boldry,58,48700
217,Nikos Mayze,30,48654
609,Agnola Rankine,49,48628
400,Nanni Ranaghan,48,48560
458,Neill Devereu,27,48539
423,Loutitia Pedley,32,48498
540,Ari Redley,52,48471
292,Tove Swiffan,53,48459
110,Josefina Whitelock,55,48449
330,Teodoro Klejna,58,48404
709,Sheilah Dommersen,36,48338
724,Jorie Semark,55,48316
185,Sammie Spendlove,38,48213
451,Othilia Hryskiewicz,45,48187
108,Buddy Lermit,40,48169
793,Valentia Abry,31,48033
401,Kirsteni Tottem,59,48001
867,Sigfrid Twidale,29,47880
631,Tammie McMurty,55,47851
619,Leora Mathou,56,47824
262,Ilise Stivey,26,47750
432,Valma Bluck,44,47740
670,Flora Dodell,46,47696
647,Filippa Fenech,37,47655
348,Holli McBride,50,47585
930,Jessy Dymond,30,47567
605,Giffard Muzzollo,56,47528
713,Eolanda Vallintine,33,47466
47,Kitty Bullerwell,34,47343
773,Tan Grute,56,47335
727,Isac Woolens,47,47264
834,Derick Liggins,39,47254
444,Sholom Ohlsen,58,47237
653,Roxanne Haskey,50,47120
485,Faustina Griffiths,59,46999
247,Trisha Earengey,43,46993
300,Sinclair Drewery,37,46961
63,Brande Dorant,44,46898
95,Gratia Kell,40,46876
283,Everard Chupin,52,46750
137,Claudina Kemwall,30,46688
918,Dawna Killford,45,46685
510,Guillemette Lacheze,47,46622
620,Barth Pashley,32,46616
411,Koral Marquand,28,46441
99,Janey Christoffe,52,46430
536,Brandise Monument,29,46418
54,Elset Vaud,58,46261
409,Laurie Balderston,45,46217
345,Gina Coe,30,46002
877,Melissa Seebert,53,45965
764,Lewes Eblein,32,45927
796,Kristal Bachura,26,45901
36,Clementius Letch,25,45834
559,Wendi Judgkins,52,45808
100,Witty Willavoys,27,45783
239,Arnaldo Olsen,53,45680
478,Marlie Jeeves,35,45643
235,Rollins Farady,55,45522
871,Mariel Dearnley,52,45460
654,Alvin Pattemore,28,45336
843,Torey Haddeston,41,45112
692,Jillene Palethorpe,35,45068
595,Dev Carnew,56,44978
218,Darline Crossdale,30,44946
2,Ephraim Skillicorn,30,44919
708,Milly Ladyman,40,44910
46,Barb Grene,50,44896
320,El Bernhardt,59,44826
243,Janifer Semechik,49,44806
618,Corbin Szubert,45,44734
196,Clarine Oxbury,54,44703
491,Lloyd Hayes,39,44689
529,Dolley Copozio,35,44631
5,Penny Stickles,25,44554
712,Lira Beamond,52,44494
90,Aeriell Babbidge,46,44478
61,Demetre Dudmarsh,35,44447
794,Verile Fiddy,53,44405
121,Leesa Rysom,40,44380
66,Liana Inglesant,39,44362
436,Carce Gresser,56,44309
233,Herta Fabbri,50,44256
538,Ulrica Easey,38,44111
73,Ardene Downing,30,44094
112,Rickard Kinset,55,43987
496,Natalie Jouandet,48,43959
602,Bride Follis,54,43626
759,Ashton Witherbed,50,43609
129,Thomasin McCutheon,33,43430
637,Leese Rieger,31,43418
134,Alan Fassbender,26,43413
835,Gael Napleton,50,43301
824,Ardisj Daulton,39,43252
776,Findlay Gittus,31,43248
297,Kimberlee Holworth,47,43177
91,Brose Brazier,54,43075
302,Emmery Nail,46,43075
78,Jess Wheldon,32,43034
969,Nani Enrigo,31,43020
360,Claudia Cranstone,57,42970
711,Warde Capaldo,53,42952
733,Reinwald Matterface,50,42948
825,Madlin Daskiewicz,34,42938
831,Corette Matzaitis,42,42899
106,Jaime Brenneke,40,42845
251,Nathanial Scotchbrook,29,42839
242,Devin Swaysland,30,42838
89,Florella Purseglove,30,42824
853,Vannie Grint,46,42807
488,Davie Derks,38,42740
27,Merrile Trasler,51,42675
763,Matthieu Trelease,25,42614
388,Minette Di Carli,42,42583
586,Ode Charman,27,42406
264,Ilka O'Henecan,30,42395
760,Arly Haughian,36,42348
335,Shandee Mitchiner,54,42347
72,Thatcher MacTrustie,37,42318
527,Pavel Withrop,27,42296
203,Bevon Muslim,28,42295
805,Reamonn Girhard,34,42275
769,Ann Burgisi,55,42229
910,Butch Nelthrop,31,42177
848,August MacRorie,31,42134
568,Luz Beauvais,53,42109
715,Archambault Gitsham,36,42087
563,Lawry De Blase,36,42042
280,Derry Franchioni,45,41952
92,Dody Dancer,25,41812
341,Mariya Chooter,43,41804
191,Teodorico Rubinlicht,44,41645
273,Angelle Bendon,29,41583
785,Camellia Taunton,29,41555
347,Marv Spark,51,41554
797,Josselyn Papachristophorou,58,41523
373,Orelee Croley,34,41444
534,Sallee Cundict,42,41431
429,Hermia Vlach,58,41316
561,Annmaria Ovitz,41,41280
266,Zebulen Pedican,33,41068
21,Phyllis Hyder,32,41059
119,Letty Whardley,40,41037
212,Jaymie Prattington,42,41036
927,Brigitte Beranek,53,41012
774,Adrea Larmour,42,40971
851,Dominique Huntingdon,43,40915
611,John Bresnahan,30,40899
180,Brent Woollends,36,40871
883,Tessy Rehorek,55,40864
574,Kessiah Iacovucci,28,40833
856,Blanche Marland,45,40745
404,Vivien Kalisz,52,40731
244,Merrill Stone Fewings,33,40722
780,Vanny Gyngyll,42,40710
331,Concordia Auletta,43,40663
248,Hagen Chasen,53,40617
313,Russ Coatsworth,49,40572
166,Jackie McGibbon,47,40444
732,Felisha Beazer,52,40437
412,Darby Dockreay,46,40422
915,Shelley Rubra,27,40361
143,Delainey McGenis,30,40254
433,Sheff Itzkovich,43,40087
299,Lari Buttfield,42,40077
293,Genia Cheney,52,40008
130,Zorana Gorling,40,39984
875,Costa Heffy,37,39963
982,Bondon Daltrey,28,39945
190,Ermengarde Marcu,39,39839
888,Fonz Ballendine,38,39793
392,Herby Baughn,55,39779
564,Meggy Schout,52,39751
562,Hollis Whistan,57,39730
992,Donavon Conws,43,39628
155,Sander Bedle,27,39624
827,Ilario Habert,55,39622
596,Esta Kolushev,42,39572
861,Mellicent Dey,50,39423
454,Alva Arendt,59,39384
402,Orv Bayman,25,39334
895,Rozalin Shrubshall,35,39296
511,Leila Jerzak,34,39288
697,Maribeth Keneforde,38,39241
573,Zachary Vlasenkov,39,39234
936,Roxy Ingerson,58,39206
717,Lamond Barstock,49,39169
864,Durante Lochead,28,39098
472,Lacie Allwood,35,39001
107,Karil Vanlint,30,38999
173,Hilario Wetherby,30,38965
246,Sidonia Lasselle,33,38962
422,Valenka Fronsek,58,38932
267,Nance Attenbrough,46,38893
237,Eydie Graveney,31,38876
913,Waylen Greystoke,38,38862
473,Fonsie Goodenough,56,38812
716,Madelene Crayton,31,38781
648,Bunni Yewdell,57,38777
1000,Aleta Linke,52,38716
767,Lela Drowsfield,26,38702
476,Cordie Bundock,42,38553
464,Douglas Jobbins,53,38526
505,Mohandis Bindon,40,38374
94,Gnni Crielly,31,38329
287,Ron Gianninotti,36,38191
344,Gael Folbige,26,38147
256,Becka Drewe,54,37935
696,Catlaina Hansell,41,37867
768,Netty Brandt,36,37850
744,Mufi Patsall,43,37826
204,Krista Scroggie,43,37591
885,Joel Shutler,49,37476
968,Helga Chasmer,54,37471
740,Percy Evenden,40,37468
64,Dani Castanho,27,37378
821,Thia Jendrys,41,37324
642,Saraann Rawdales,34,37299
83,Pieter Lechelle,40,37197
279,Fabiano Andress,50,37154
509,Rolfe Garmons,46,37110
399,Vilma Brader,52,37007
518,Jillane Haughian,30,36992
747,Ealasaid Harty,38,36985
374,Harold Curteis,28,36975
50,Brooks Kinsell,55,36965
579,Darnall Avramovich,37,36940
144,Kassey Herreran,48,36848
205,Suzi Hucke,45,36845
614,Felice Climar,40,36813
105,Upton Borkin,54,36786
770,Carlynne Smickle,26,36779
655,Emma Sturr,52,36753
224,Annemarie Maasz,58,36702
606,Shara Clissold,27,36673
214,Prudy Pietroni,27,36652
839,Maisie Cammoile,36,36632
798,Nicholas Mitchelmore,52,36614
104,Matthias Eborall,25,36602
808,Jody Tant,31,36599
489,Giulia Achrameev,44,36531
232,Bourke Ettles,56,36494
253,Waldon Mose,41,36339
372,Pollyanna Cholomin,49,36320
80,Elsy Stilliard,56,36317
750,Valeria Tankin,50,36288
678,Marguerite Sigsworth,34,36259
635,Heath Scouse,42,36197
193,Domingo Birdseye,41,36133
977,Alonso Jacobi,55,36044
176,Sophey Elegood,38,35996
312,Edwina Banaszkiewicz,34,35963
93,Kermie Gawen,34,35921
468,Jania Bewley,48,35915
761,Erasmus Shore,30,35874
315,Ebba Handscomb,28,35817
481,Shurlocke Somerbell,42,35816
787,Ludwig Litton,43,35765
622,Lauree Chimienti,47,35734
659,Kessia Mayhead,35,35726
59,Katleen Freda,27,35710
406,Karlotte Yarmouth,41,35688
973,Claiborn Learned,54,35663
474,Hebert Dorcey,28,35614
257,Toddy Girling,44,35561
676,Damara Sedgman,55,35537
122,Lauryn Dumphry,32,35534
141,Zonda Got,42,35493
754,Hamish Freear,45,35353
305,Garey Oldfield,32,35352
553,Jamaal Oldham,53,35349
138,Kaitlin Westrope,39,35303
396,Ursala Omrod,44,35293
532,Rora Melvin,48,35268
4,Devin Skym,54,35195
817,Noe Canning,36,35116
897,Brunhilda Neicho,27,35108
269,Ericka Hutcheson,26,35066
621,Kilian Chisnell,38,35016
146,Stacia Howood,41,35005
638,Shandy Klimkowski,54,34714
97,Carena Stedson,32,34674
306,Engracia Cubbini,41,34629
978,Evelin Casarino,34,34527
223,Pattin Crummey,29,34526
589,Sherline Cufflin,43,34460
82,Elaina Stockwell,33,34425
187,Efrem Giamo,40,34332
84,Vivienne Eliasson,59,34329
560,Trenton Mecchi,25,34169
250,Elmira Winward,26,34128
962,Baird Curton,41,34035
169,Randell Speenden,51,33885
495,Tamiko Reddoch,45,33821
70,Karim Arlett,55,33776
775,Milly True,52,33737
413,Albie Oels,59,33682
590,Sawyere Goldup,57,33647
417,Waylan Swalwel,44,33606
946,Rebekah Ubsdale,50,33569
405,Jaclin Blacket,51,33528
443,Wilbert McGilroy,44,33326
920,Erroll St. Clair,51,33287
900,Huntlee Boggers,41,33273
238,Willette Filipowicz,36,33262
482,Vaughan Orgen,26,33258
582,Rosie Sinderland,48,33248
389,Josee Itzcovich,40,33223
249,Benyamin Yusupov,27,33193
790,Gibb Gilvear,54,33160
221,David Benduhn,42,33146
316,Dareen Micallef,53,33090
14,Marcel Slyde,39,33082
41,Malissa McGarva,34,33067
431,Letitia Plowright,54,33066
479,Kirbee Penella,45,33050
741,Henka Trayte,53,33001
872,Lawrence Dorking,29,32981
303,Hendrika Ollerhad,35,32960
467,Leonidas Davidek,30,32682
844,Codi Davson,53,32625
274,Delano Seagood,48,32551
766,Jodee Menichelli,49,32497
963,Ilise Leney,56,32283
127,Murvyn Dugan,59,32236
379,Ida Ritchie,55,32138
208,Florenza Murney,31,32127
652,Otto Silver,39,32059
79,Dottie Godilington,48,32027
525,Valentino Sackey,35,32012
542,Aridatha Dunk,54,31939
275,Lib Lawerence,37,31916
523,Sanford Whitrod,46,31881
498,Fletch Pieters,30,31829
195,Beale Chalcot,38,31758
615,Ofelia Nutman,59,31747
199,Munroe Augur,40,31671
361,Aurora Winfrey,53,31488
152,Neda Pearch,45,31450
189,Nola Rollings,25,31424
484,Killian Stinson,52,31321
599,Huey Berger,44,31296
282,Sile Pidgen,31,31286
957,Culley Grinyakin,37,31269
989,Crystie Abramchik,50,31161
718,Cristine Nowlan,59,31158
288,Berry Dunkerton,35,31132
1,Birch Steventon,35,31099
325,Idette Slight,48,31048
789,Jarid Gallihawk,57,31011
519,Clarisse Guitte,52,30994
362,Welch Rivers,54,30974
988,Gawain Sebastian,37,30969
177,Miguel Boynes,59,30956
613,Tobye Abramof,33,30927
486,Angil Draco,36,30724
20,Cyndia Pady,40,30680
337,Millie Ledekker,58,30659
385,Keri Frotton,52,30571
569,Harry Garshore,37,30550
308,Billi Fragino,56,30498
159,Delcine Curling,49,30453
186,Rafe Lanchbery,58,30301
158,Adolphus Killock,47,30236
640,Farrah Pakeman,53,30151
124,Almeta Roeby,58,30053
701,Merrily Sarrell,54,30010
739,Ezekiel Swinyard,53,29979
524,Nicky Farra,52,29976
719,Annadiana Di Gregorio,40,29957
650,Jill O' Cloney,42,29931
911,Saxe Farlamb,38,29859
943,York Mawman,44,29791
259,Sondra Gallahar,39,29785
587,Forrester Cufflin,51,29669
327,Phillipe Rishworth,42,29601
270,Yorke Ximenez,56,29591
604,Marianna Alen,58,29557
490,Nesta Hinkensen,29,29483
612,Ariella Franklyn,53,29463
965,Daryle Learmond,56,29415
546,Jennilee Buncombe,55,29395
828,Clara Skone,25,29368
40,Pebrook Koschek,25,29350
693,Korrie Plenderleith,36,29220
10,Kayley Balaison,48,29195
891,Horatius Malt,43,29168
376,Mirabella Cortes,58,29069
729,Alex MacIntyre,27,29064
19,Jacynth Merrin,33,29057
74,Helene Iacobo,37,29022
245,Corinne Jupp,52,28879
450,Brenden Pacquet,42,28793
811,Gisella Guyan,35,28692
745,Rab Raun,45,28643
338,Egbert Lamplugh,33,28590
120,Regan Speeks,56,28516
31,Henka Starten,32,28465
255,Rowena Cereceres,25,28424
452,Marcy Sloyan,26,28391
209,Penrod Maas,46,28310
229,Lefty Blackston,44,28310
929,Mattie Revelle,26,28302
22,Randell Jantzen,35,28287
815,Jody Patey,32,28257
669,Merle Corriea,58,28120
566,Carlynne Raccio,27,28084
194,Ilyssa Cavozzi,26,27988
367,Sonnie Longstaffe,30,27975
556,Neely Amys,44,27935
336,Hailey Rome,58,27901
103,Issy Winman,59,27842
326,Elka Heaker,30,27757
874,Corie Jope,26,27748
958,Joshuah Korda,33,27656
668,Harmonia Tantrum,36,27645
667,Carolyne Danilewicz,40,27472
171,Mortie Arundel,39,27470
578,Ester Timothy,59,27401
953,Allx Michelotti,50,27384
983,Daryn McNabb,54,27336
333,Nikkie Nappin,29,27289
914,Alley O'Cannavan,30,27273
758,Braden Mathey,59,27258
51,Dill Dillinger,43,27152
317,Angele Calderbank,55,27133
178,Doy Breinl,46,27079
364,Reba Budgen,35,27042
96,Karissa Meldon,27,27026
294,Carlos Escoffier,32,27011
657,Rubi Mattiassi,59,26997
783,Lonny Lorinez,26,26966
148,Lombard Fligg,27,26839
501,Gabrielle Dizlie,37,26734
381,Corney Roubottom,31,26643
446,Ailene MacCrann,33,26643
999,Hilde Nancekivell,39,26586
172,Lacey Dockery,39,26542
702,Marylee Lawerence,26,26486
557,Amanda Broxis,40,26476
663,Jodee Emmins,44,26462
198,Moss Skeemor,33,26420
908,Wylie Langshaw,25,26388
850,Gibb Leveritt,35,26358
507,Levi Artingstall,55,26333
665,Farr Gauvin,51,26253
544,Julie De Dei,37,26233
762,Loralie Wieprecht,41,26214
651,Eduard Mackriell,48,26149
949,Kittie Owtram,41,26123
77,Harriott Begley,52,26091
928,Kingsly Skain,27,25998
475,Alphonso Doog,47,25959
506,Evy Overbury,32,25956
508,Kristin O'Beirne,44,25780
940,Ulises Gitthouse,35,25427
69,Michelina Calan,36,25411
424,Nona Omar,51,25392
276,Prinz Skivington,34,25345
812,Codi Caudrelier,40,25331
23,Darlene Scutcheon,39,25325
937,Terry Eccleshare,45,25259
884,Anatola Jenken,47,25227
441,Clarine Medling,42,25204
684,Leah Obray,34,25173
901,Florian Aspel,45,25136
449,Thacher Hannaby,43,25123
594,Stacee Siene,41,25122
748,Orlando Kitchenside,59,25084
154,Merrill Merigon,38,25083
483,Tressa Atrill,40,25083
907,Janith Deegan,32,25036
462,Blayne Lory,36,24897
188,Ignaz Croisdall,44,24837
343,Cherri Padillo,48,24818
278,Geri Conibeer,41,24664
13,Melisande Bustin,54,24657
12,Francis Chevalier,29,24559
487,Anetta Colloby,46,24529
886,Caria Halling,58,24427
699,Mose Dow,31,24351
720,Aluin Fittis,32,24310
726,Bab Tapsell,27,24309
494,Milissent Hedgeman,40,24287
75,Oates Varden,34,24151
415,Brittne Stichall,51,24108
955,Thelma Dalmon,34,24076
814,Richard Topp,51,23985
714,Hanan Shapter,45,23941
959,Carey Huntress,33,23934
157,Pauline Gillingham,30,23838
6,Isidor Flack,55,23810
580,Eustacia Ginsie,55,23752
15,Ike Guilloux,36,23747
607,Casper Ponton,31,23558
240,Cullin Horley,25,23436
307,Natty Patching,52,23426
225,Sharline Canape,35,23392
24,Rubin Adair,51,23371
998,Jeramie Skill,44,23212
870,Rochell Piggens,57,23153
863,Fabe Winspeare,27,23134
512,Ingram Gleeton,38,23125
174,Wolfgang Cattermoul,55,23067
633,Jacinthe Spooner,31,22830
260,Magnum Heales,40,22818
128,Lezlie Howman,39,22751
919,Mendy Purple,35,22746
163,Cathe Pracy,40,22730
765,Bryanty Sciacovelli,53,22691
365,Ines Windrus,47,22628
671,Hedi Dawley,57,22610
704,Gerri Mercer,55,22507
636,Fedora Faloon,31,22474
857,Floris Upham,58,22435
743,Kass Dyke,44,22396
994,Laurette Greenan,48,22395
608,Janey Bedson,25,22377
109,Shanda Kenion,36,22359
477,Deanne Leedes,58,22308
60,Robin Dell Casa,35,22282
862,Gerry Lorkings,46,22274
985,Helaina Tales,52,22186
868,Lorelle Frunks,55,22104
311,Katharine Heddon,29,22085
644,Hephzibah McCourtie,49,22030
215,Sharron Durtnell,28,22018
123,Torrie Casillis,31,22012
149,Fabiano Camosso,29,21971
265,Adler Bellee,36,21910
226,Ajay Luckham,41,21860
125,Alayne Romei,34,21850
734,Alyssa Stoyle,26,21799
675,Whitman Woolacott,50,21798
555,Luelle Seczyk,46,21773
116,Bil Holehouse,45,21714
408,Esdras Trusslove,32,21690
25,Kimberlee Teggin,59,21643
788,Tedmund Trood,53,21626
448,Harmony Linger,48,21557
592,Antony Jereatt,25,21522
935,Christiane Dibbe,37,21434
49,Aimil Franschini,40,21379
533,Mordy Conws,46,21358
459,Roselle Olorenshaw,50,21344
632,Rorie Sherrett,49,21190
866,Carter Critzen,33,21116
332,Aubine Surgison,44,21098
917,Sibella de'-Ancy Willis,29,21088
440,Alon Bencher,34,21069
55,Edita Hearse,27,21068
666,Teressa Langstone,50,21042
165,Caldwell Lemery,26,21041
830,Ruthanne Davis,43,20909
298,Averil Castro,44,20898
86,Jade Rickett,57,20895
966,Oralee Sotham,37,20883
585,Angie Huggon,54,20877
439,Ethe Grinyakin,55,20844
263,Cristi Honacker,30,20807
202,Rosalynd Vane,49,20786
358,Giffie Wink,31,20606
690,Asa Doohan,57,20590
626,Griselda Long,37,20587
846,Lela Parnaby,36,20584
552,Golda Galland,44,20499
749,Pearl Kindle,36,20472
686,Kala Gypson,54,20316
117,Whit Millington,56,20241
624,Sampson Berdale,52,20233
357,Bernadina Cusiter,39,20225
841,Mycah Patek,27,20106
649,Alvera Oakly,38,20024
645,Mathias Breslane,44,20002
353,Gwenneth Clavering,35,19953
879,Manda Leggott,25,19928
993,Welch Grigoriscu,55,19848
228,Nicko O'Carrol,41,19816
571,Hammad Joskowitz,43,19786
662,Winonah Sommerled,47,19726
111,Saxon Charlotte,26,19709
183,Thorn Murrison,54,19699
826,Nell Prine,40,19628
521,Una Fellos,37,19570
520,Zeke Mackin,34,19457
738,Glyn Hucks,38,19445
816,Sibyl Commusso,40,19435
220,Sondra Brambley,26,19362
295,Cornell Jaskiewicz,46,19226
807,Iolande Rainer,57,19201
314,Lise Challes,55,19165
285,Brandtr Cosbey,37,19156
980,Brigit Deetlefs,38,19150
882,Connie Sly,46,19135
584,Anabella Walesby,42,19107
725,Allin Sherrott,47,19097
570,Alexandra Dodell,44,19040
156,Amby Astman,35,18879
710,Brenn Setterthwait,58,18871
168,Mara Parmiter,53,18828
346,Florencia Teague,45,18825
29,Petronella Podmore,25,18783
53,Armand Swedeland,29,18600
502,Jaquenette Mc Trusty,32,18600
925,Bradan China,46,18549
160,Bryon Pedri,42,18537
742,Neille Wais,27,18520
58,Tessy Gosselin,52,18509
271,Tommi Teresse,38,18409
791,Brodie Bygott,57,18359
756,Wiley Perllman,50,18351
329,Guy Cancellario,29,18322
730,Jennica Quarrington,53,18293
628,Bria Armer,52,18274
254,Hollis Wolstenholme,28,18205
342,Gardiner Blackmuir,52,18008
837,Darby Bateup,57,17981
625,Bastian Secrett,47,17943
623,Felice Ostick,31,17834
934,Star Freeborne,40,17813
438,Althea Straneo,27,17776
792,Kale Fritter,30,17736
380,Jackson Kidwell,40,17707
736,Waly MacRanald,45,17671
981,Katya Slad,43,17517
610,Lanni Giblin,25,17498
530,Carley Cragg,30,17462
390,Hirsch Brewins,44,17375
522,Ivette Heales,32,17250
323,Levey Turmel,53,17229
200,Niels Tukesby,25,17193
471,Rina Mapholm,57,17160
948,Dniren Pankettman,31,17018
860,Ofelia Tommeo,33,16956
689,Bernard Mariner,28,16947
575,Matias Rove,39,16923
757,Normy Bexon,32,16859
236,Johny Morris,34,16858
922,Torrin Ackred,54,16729
234,Thomasin Akister,34,16716
550,Zara Pashe,38,16711
17,Mariel Lohan,29,16634
28,April Evequot,38,16632
869,Wilmette Mildmott,32,16622
241,Phoebe Dunk,45,16556
230,Corly Willcot,57,16534
572,Lonnard Guillem,36,16529
893,Ophelie Manuely,46,16526
822,Elisha Paolini,57,16515
43,Jerrie Griniov,27,16481
752,Borden Walshaw,35,16432
876,Briggs Bermingham,44,16383
698,Shirleen Mesant,39,16331
799,Maggie Bunney,47,16307
809,Cherrita Buntain,54,16224
549,Ethan Toland,28,16209
737,Wakefield Sieb,27,16166
181,Carson Broadwood,39,16089
426,Rosette Grayley,38,16080
803,Gisele Stollwerk,32,16079
898,Rey Telling,39,16070
290,Jamey Terbruggen,35,16031
377,Dyna Isoldi,59,15920
878,Cointon Batha,32,15868
201,Kahaleel Simakov,42,15784
32,Clarissa Abbes,48,15696
430,Glyn Pengelley,54,15676
703,Mollie McMurthy,42,15653
382,Bailie Rosso,34,15633
403,Sander Birkmyr,35,15583
455,Isidore Daenen,44,15466
8,Rora Boshell,57,15427
425,Noel Grundwater,25,15415
881,Gisella Pegden,29,15390
34,Ileane Speddin,50,15350
923,Erinna Loughhead,42,15318
933,Livy Bathersby,26,15244
87,Padriac Lewtey,43,15117
855,Ros Hele,58,15096
873,Basilius Smithers,50,15046
932,Erl Boschmann,41,14986
492,Alix Piccard,51,14972
456,Deeanne Togher,40,14965
722,Cyrus Compfort,31,14960
810,Carmencita Culross,49,14932
277,Ragnar Smallpeice,32,14846
944,Merill Swannick,38,14751
990,Gilbertine O'Shirine,51,14639
680,Malina Innman,38,14626
779,Crin Tunnick,48,14623
593,Geordie Spilsted,51,14620
261,Lock Broadfield,36,14617
416,Samaria Weatherburn,47,14489
598,Noemi Gasticke,59,14461
687,Cara Aldersea,36,14426
753,Sanders Edens,44,14414
786,Adelaida Pressdee,29,14394
68,Ikey McPeck,58,14322
328,Rakel Tenpenny,48,14312
150,Bernelle Chaise,40,14300
394,Fons Clac,57,14266
447,Gerrie Sexstone,44,14254
782,Bernita Malthouse,39,14176
286,Laina Broadhurst,45,14127
991,Claire Lamplugh,47,14124
231,Claus Bellin,47,14074
470,Corabelle Senten,32,13990
162,Kerwinn Dumini,46,13954
800,Gayleen Plumridge,53,13950
301,Dolley Danes,53,13914
48,Con Offord,36,13852
539,Alethea Fishbourne,37,13761
832,Konstantin Elrick,49,13576
784,Odo Slight,56,13571
151,Easter Radmer,45,13483
961,Ikey Ricks,56,13444
52,Leroy Brister,39,13424
942,Kathryne Wavell,50,13399
133,Winnie Kemer,48,13392
916,Kahlil Rackham,59,13345
581,Ruby Lemm,39,13312
971,Tamas Paice,45,13225
627,Ky Hargrove,32,13181
661,Cal Wharfe,43,13178
921,Olympia Quincey,31,13118
979,Abramo Idwal Evans,52,13105
81,Marven Mewis,56,13091
18,Roshelle Frossell,26,13034
359,Moselle Coysh,30,12996
535,Sammy Attaway,34,12994
673,Andre Hofton,54,12970
500,Beltran Agutter,46,12966
350,Patrica Reeson,55,12947
588,Dall Pley,50,12947
26,Cherye Saffell,32,12928
35,Shari Dizlie,55,12922
600,Enrichetta Trowbridge,32,12875
700,Benedetta Frith,35,12828
515,Gallard Hatzar,45,12656
995,Lamond Goatcher,57,12568
418,Artur Dacombe,58,12531
284,Matilde Allnutt,59,12529
39,Salvatore Pickerin,55,12459
896,Pandora Charrett,40,12448
395,Tana Wymer,26,12425
272,Stevana Barnardo,56,12416
801,Israel Heino,43,12413
101,Bessy Venner,53,12410
516,Hildagarde Robjant,46,12372
772,Ozzie Marham,39,12370
352,Claiborne Fullom,52,12340
634,Benedetta Tidbold,41,12340
967,Yorgos Rambaut,31,12211
281,Chaunce Stadden,27,12183
463,Chris Shorie,55,12126
852,Gunther Corrie,37,12074
813,Hazel McDougle,26,12058
664,Jyoti MacCroary,53,11982
33,Hillier Bonnell,32,11927
461,Novelia Hammerstone,50,11884
706,Randie Alcock,38,11878
641,Maureen Rudwell,44,11848
318,Osborne Wheelhouse,48,11769
442,Letty Bosher,55,11768
947,Leonardo Jarville,32,11747
938,Selby Rhymes,57,11733
838,Raven Deedes,27,11728
548,Petronilla Learmount,53,11649
576,Avril Hamlyn,50,11637
755,Livvie Pley,27,11634
950,Alvy Westfalen,37,11601
806,Wyndham Gethings,34,11524
310,Olav Gebbie,40,11516
547,Wilbur Marion,45,11455
685,Margy Scud,51,11379
601,El Palfreyman,26,11370
997,Stacy Glowacha,51,11294
974,Sib Tulk,42,11284
541,Matilde Genner,39,11242
227,Dietrich Yewdale,42,11218
976,Jemima Strain,36,11160
751,Loralie Trengrove,42,11157
182,Brennen Otson,25,11131
583,Nicole Healey,53,11105
960,Ashien Wilbraham,41,10996
206,Lenette Patrick,47,10933
258,Luella Pinniger,55,10893
646,Debbie Osan,58,10885
428,Gretta Schlag,42,10878
375,Siouxie Ashelford,47,10829
728,Shoshana Galvan,38,10776
56,Jonis Oakwell,49,10713
954,Nedi Deville,38,10711
153,Austin Sterling,38,10699
517,Victor Estcot,53,10691
457,Vyky MacGillacolm,49,10580
781,Fifi Youel,53,10500
268,Roley Hesser,54,10473
42,Batsheva Scurry,57,10371
387,Fernandina Blandford,40,10355
945,Courtnay Mathis,25,10343
57,Jeralee Bourgaize,53,10242
682,Alexis Huxter,37,10212
7,Nikoletta Downes,39,10191
370,Eimile Aldhous,36,10000
939,Shelton Densey,33,9978
62,Norma Kantor,29,9914
903,Mandy Petrelli,34,9913
466,Barbe Callender,43,9829
296,Michale Inglish,58,9828
771,Rosco Gravell,48,9800
912,Evelina Gulleford,27,9786
383,Chrisse Fozard,33,9772
3,Collen Galland,36,9753
987,Tann Lubomirski,56,9743
366,Margo Ors,34,9680
291,Glenn Skein,29,9548
894,Lyman Giurio,29,9518
434,Ariel Pettendrich,50,9482
970,Xever Bim,58,9458
9,Max Bothams,29,9378
887,Jakie Lowthian,48,9352
514,Shalom Sheringham,59,9326
691,Eolanda Moxstead,35,9283
941,Ambur Ballefant,53,9242
98,Ganny Rannigan,32,9116
975,Griswold Laux,44,9102
567,Noelani Storch,36,9073
820,Rosamund Hilary,25,9057
847,Tandie Dumpleton,59,8967
207,Drew Rowett,26,8931
398,Hugues Barrs,49,8927
197,Kenna Pavlovsky,39,8883
210,Isaak Bandey,40,8804
145,Ernesta Gregoretti,27,8787
833,Enrika Meriguet,38,8722
859,Brigitta Elsie,29,8612
356,Harwell Andreu,46,8604
551,Vern Pattinson,25,8564
996,Ellie Howorth,36,8564
349,Raynor Stannett,30,8500
427,Delaney Jeune,33,8500
213,Cloe Galliver,31,8464
216,Elwood Garrard,49,8425
683,Georgi Eastwood,34,8401
421,Brianne Ferenczi,53,8396
384,Tanya Clissell,49,8309
986,Temp Glassborow,43,8306
723,Deina Fooks,56,8243
707,Colver Blackborn,51,8186
818,Kandace McCosh,29,8163
617,Rickert Climer,25,8148
577,Gael Carless,40,8081
735,Hansiain Gaitskell,45,8054
437,Boyd Butten,29,8009
880,Perrine Youster,53,7956
952,Ashly Maudson,43,7940
76,Kyle Smalley,39,7744
289,Fonsie Bubb,40,7719
371,Halie Shark,39,7700
964,Viv Ivanchikov,34,7603
164,Ambros Deshorts,55,7590
363,Corny McDavitt,37,7584
136,Carleton Lasseter,54,7502
407,Elspeth Sainsbury-Brown,50,7386
102,Timothy Armitage,32,7380
65,Christy Farncomb,36,7358
252,Leonora Rappport,37,7270
804,Lemar Tidball,32,7198
139,Bertie Skerman,59,7196
340,Cam Ripley,37,6965
972,Marcelo Randales,56,6899
629,Kahaleel Cluelow,43,6883
603,Clementius Bleue,58,6837
951,Jaymee Kyteley,41,6827
513,Mersey Goolding,35,6825
324,Sutherland D'Alesio,32,6641
147,Felicle Simoncelli,33,6393
88,Nettle MacGillavery,38,6358
71,Odelia Grishin,57,6349
597,Odelinda Marty,57,6194
368,Madonna Irvine,41,6178
45,Austina Vreede,29,6146
114,Valery Dalley,44,6020
493,Clare Lillgard,52,5996
889,Rriocard Cudd,28,5975
334,Jelene Snarr,26,5854
616,Edwin Wilse,57,5817
679,Anatole Floyd,48,5813
309,Adrea Keys,44,5809
909,Randee Blaw,59,5808
351,Trina Itskovitz,26,5730
840,Elsy Dallicott,27,5723
984,Griff Eccleston,47,5664
135,Phyllis Pinches,29,5489
531,Bertie Bolesma,36,5381
890,Nicolle Burgill,28,5331
378,Lida Culbert,41,5293
746,Jo-ann Llorente,43,5286
304,Derrik Le Batteur,55,5198
170,Sunny Merrell,28,5058
16,Ana Carnilian,35,5039
419,Timmi Danielli,42,5027
905,Gaylor Mapes,37,5025
142,Chaim Beetles,57,4979
545,Ferdie Keen,54,4844
445,Berenice Lanktree,49,4813
460,Lorenzo Shann,32,4803
904,Carolus Sellek,32,4701
731,Joelly Garrat,46,4673
819,Konrad Blackborough,54,4616
118,Michel Noli,41,4528
85,Stan Kuna,52,4217
397,Jerrilee McClifferty,29,4192
503,Rosmunda Boissieux,58,4186
37,Dalia Goodlake,52,4140
681,Hetti Donwell,44,4099
369,Berkeley Rosbotham,42,3977
167,Cicily Tour,41,3951
858,Matthus Willetts,38,3921
849,Pia Drury,51,3898
543,Eva Cansdill,59,3893
504,Delmer Jeffcock,40,3832
420,Aimil Spinello,49,3825
44,Micky Asprey,50,3806
591,Howey Vynarde,32,3707
321,Ev Tilte,46,3607
899,Edita Mitskevich,36,3569
558,Emmanuel Bennet,33,3505
115,Federico Houlson,39,3472
222,Marja Haythornthwaite,43,3454
38,Jillane Salan,29,3427
131,Jacques Kiddey,44,3418
705,Theo Bernardin,52,3405
865,Lexie Thirsk,47,3401
410,Taddeo Beggs,29,3364
892,Payton Held,26,3348
565,Ginny Node,37,3257
823,Cecil Duignan,58,3204
319,Lonna Conford,40,3197
845,Ossie Andreasson,30,3179
694,Deanne Pretorius,39,3171
184,Johnath Reap,47,3136
926,Giraud Kevlin,45,3127
931,Griffin Carder,35,3004
499,Ruthe Denton,55,2966
854,Rosa Hearse,57,2966
113,Ellynn Ridding,48,2961
672,Noble Bowers,29,2946
393,Margy Sushams,44,2905
836,Veradis Orable,50,2881
677,Britte Cove,26,2878
219,Roman Divers,50,2850
391,Kelby Sommerscales,38,2761
179,Glyn Shetliff,30,2734
497,Miriam Jakubovics,45,2689
140,Gauthier Scowen,43,2670
643,Carlene Mannagh,42,2639
778,Kyrstin Seally,49,2625
537,Florri Blunsden,35,2484
414,Jonah Soane,59,2444
469,Edmon Rate,40,2439
924,Louisa Mordy,41,2325
175,Dixie Pascoe,33,2314
480,Jameson Lugsdin,30,2303
902,Louie Fahrenbach,34,2264
688,Lissa Bratton,45,2247
132,Halimeda Laudham,52,2241
829,Elinor Grishankov,44,2217
339,Dulcy Lithcow,38,2209
956,Antoni McCafferky,37,2177
211,Jacquetta Matignon,25,2167
658,Marillin Peyzer,35,2050
11,Lilith Sarjeant,34,2044
695,Koenraad Jendas,28,2001
